,close,high,low,open,tradeTime,tradeTimeinMills,volume
0,104.1200,104.1200,104.1200,104.1200,20190820083000,1566304200000,335
1,104.0000,104.0000,104.0000,104.0000,20190820083400,1566304440000,500
2,103.4500,103.4500,103.4500,103.4500,20190820084200,1566304920000,202
3,103.6000,103.6000,103.6000,103.6000,20190820091100,1566306660000,0
4,103.3000,103.3100,103.3000,103.3100,20190820092000,1566307200000,135
5,103.0200,103.0200,103.0200,103.0200,20190820092900,1566307740000,300
6,103.0400,103.2400,102.6000,103.0200,20190820093000,1566307800000,36318
7,102.9400,103.1800,102.8700,103.1500,20190820093100,1566307860000,3611
8,102.8500,103.1000,102.7500,103.0800,20190820093200,1566307920000,3626
9,102.9500,103.0500,102.8000,102.8000,20190820093300,1566307980000,3600
10,103.0000,103.0700,102.9200,102.9600,20190820093400,1566308040000,1200
11,102.9450,103.1100,102.9400,103.0200,20190820093500,1566308100000,1300
12,103.2500,103.2500,102.8600,102.8700,20190820093600,1566308160000,3135
13,103.2687,103.3700,103.1200,103.2800,20190820093700,1566308220000,3288
14,103.3100,103.3100,103.1900,103.2400,20190820093800,1566308280000,7696
15,103.5600,103.5600,103.3300,103.3800,20190820093900,1566308340000,7610
16,103.3700,103.5499,103.3700,103.4900,20190820094000,1566308400000,2417
17,103.1500,103.1500,102.9700,103.1000,20190820094100,1566308460000,1260
18,103.3700,103.4800,103.1700,103.2100,20190820094200,1566308520000,2466
19,103.5400,103.5400,103.4200,103.4200,20190820094300,1566308580000,500
20,103.7600,103.7600,103.5250,103.5250,20190820094400,1566308640000,1904
21,103.4450,103.7300,103.3700,103.6500,20190820094500,1566308700000,4300
22,103.4675,103.6500,103.4400,103.5800,20190820094600,1566308760000,2626
23,103.4200,103.4600,103.3800,103.4600,20190820094700,1566308820000,700
24,103.2000,103.4500,103.2000,103.4400,20190820094800,1566308880000,1600
25,103.2900,103.3100,103.1800,103.2500,20190820094900,1566308940000,2800
26,103.1900,103.3000,103.1700,103.2000,20190820095000,1566309000000,5000
27,103.1200,103.3100,103.0700,103.2200,20190820095100,1566309060000,2260
28,103.0700,103.1550,103.0600,103.1000,20190820095200,1566309120000,1230
29,103.3100,103.3200,102.9900,102.9900,20190820095300,1566309180000,3572
30,103.1950,103.1950,103.1900,103.1900,20190820095400,1566309240000,400
31,103.2700,103.2700,103.1350,103.1625,20190820095500,1566309300000,1000
32,103.2850,103.3150,103.2200,103.3150,20190820095600,1566309360000,4961
33,103.1500,103.2400,103.1200,103.2000,20190820095700,1566309420000,2800
34,103.2000,103.2800,103.1900,103.1900,20190820095800,1566309480000,1400
35,103.2100,103.2850,103.1700,103.2800,20190820095900,1566309540000,2935
36,103.1600,103.2600,103.0501,103.2600,20190820100000,1566309600000,5240
37,103.1000,103.1700,103.0400,103.1600,20190820100100,1566309660000,3000
38,103.1800,103.2350,103.1200,103.2000,20190820100200,1566309720000,3063
39,103.3100,103.3100,103.1300,103.1850,20190820100300,1566309780000,1324
40,103.3100,103.3100,103.2200,103.2600,20190820100400,1566309840000,2753
41,103.5000,103.5000,103.3800,103.3800,20190820100500,1566309900000,500
42,103.4900,103.5600,103.4800,103.5600,20190820100600,1566309960000,1600
43,103.4950,103.5600,103.4500,103.5000,20190820100700,1566310020000,1169
44,103.6100,103.6100,103.5000,103.5000,20190820100800,1566310080000,700
45,103.7200,103.7200,103.5300,103.6000,20190820100900,1566310140000,4278
46,103.8520,103.9300,103.7600,103.7799,20190820101000,1566310200000,1903
47,103.9200,103.9200,103.8100,103.8300,20190820101100,1566310260000,1400
48,103.7800,103.9300,103.7800,103.8775,20190820101200,1566310320000,7264
49,103.6800,103.7700,103.6300,103.7400,20190820101300,1566310380000,2995
50,103.6750,103.7000,103.6200,103.6750,20190820101400,1566310440000,2336
51,103.7500,103.7900,103.6750,103.6750,20190820101500,1566310500000,1400
52,103.7050,103.8000,103.6500,103.8000,20190820101600,1566310560000,1537
53,103.8650,103.9000,103.6950,103.7100,20190820101700,1566310620000,3189
54,103.8100,103.9000,103.8100,103.8300,20190820101800,1566310680000,500
55,103.8150,103.8316,103.7700,103.7900,20190820101900,1566310740000,1648
56,103.7796,103.9300,103.7796,103.8800,20190820102000,1566310800000,3639
57,103.8300,103.8300,103.7300,103.7700,20190820102100,1566310860000,1200
58,103.7200,103.8000,103.7200,103.7800,20190820102200,1566310920000,2503
59,103.7350,103.7600,103.7000,103.7250,20190820102300,1566310980000,1350
60,103.6800,103.7700,103.6800,103.7300,20190820102400,1566311040000,1000
61,103.6100,103.6850,103.5800,103.6850,20190820102500,1566311100000,1700
62,103.6500,103.6600,103.5900,103.6100,20190820102600,1566311160000,1100
63,103.6450,103.6450,103.6100,103.6100,20190820102700,1566311220000,300
64,103.7050,103.7350,103.7000,103.7321,20190820102800,1566311280000,2400
65,103.6700,103.6800,103.6400,103.6600,20190820102900,1566311340000,1000
66,103.5200,103.6800,103.5200,103.6101,20190820103000,1566311400000,2850
67,103.5900,103.6000,103.5500,103.5700,20190820103100,1566311460000,1500
68,103.5400,103.5600,103.5000,103.5600,20190820103200,1566311520000,600
69,103.5800,103.5800,103.5800,103.5800,20190820103300,1566311580000,100
70,103.5200,103.6000,103.5200,103.5800,20190820103400,1566311640000,2470
71,103.5900,103.5900,103.4600,103.5200,20190820103500,1566311700000,2978
72,103.6100,103.6200,103.5700,103.5700,20190820103600,1566311760000,1200
73,103.5700,103.5700,103.5700,103.5700,20190820103700,1566311820000,100
74,103.6100,103.7300,103.6100,103.6600,20190820103800,1566311880000,2300
75,103.5850,103.6700,103.5800,103.6350,20190820103900,1566311940000,1200
76,103.5150,103.5250,103.4600,103.5100,20190820104000,1566312000000,11886
77,103.4100,103.5350,103.4100,103.4900,20190820104100,1566312060000,1600
78,103.4100,103.4300,103.3400,103.3400,20190820104200,1566312120000,800
79,103.5300,103.5300,103.4150,103.4350,20190820104300,1566312180000,900
80,103.5400,103.5400,103.4600,103.5000,20190820104400,1566312240000,757
81,103.5200,103.5400,103.4900,103.5400,20190820104500,1566312300000,500
82,103.5200,103.5200,103.4700,103.5150,20190820104600,1566312360000,600
83,103.6400,103.6500,103.5650,103.5700,20190820104700,1566312420000,1601
84,103.6650,103.7600,103.6500,103.6500,20190820104800,1566312480000,1700
85,103.6300,103.6750,103.6000,103.6600,20190820104900,1566312540000,2500
86,103.6100,103.6400,103.5600,103.6100,20190820105000,1566312600000,2600
87,103.6500,103.6500,103.6100,103.6300,20190820105100,1566312660000,600
88,103.7345,103.7345,103.6500,103.6500,20190820105200,1566312720000,2268
89,103.7550,103.7893,103.7200,103.7300,20190820105300,1566312780000,1954
90,103.8000,103.8000,103.6750,103.7550,20190820105400,1566312840000,6772
91,103.8150,103.8350,103.8150,103.8350,20190820105500,1566312900000,300
92,103.7650,103.7800,103.7400,103.7500,20190820105600,1566312960000,5114
93,103.7500,103.7950,103.7500,103.7950,20190820105700,1566313020000,900
94,103.7850,103.7850,103.7500,103.7800,20190820105800,1566313080000,1400
95,103.7900,103.8250,103.7650,103.7900,20190820105900,1566313140000,1900
96,103.8750,103.8750,103.8200,103.8500,20190820110000,1566313200000,900
97,103.8650,103.9000,103.8500,103.9000,20190820110100,1566313260000,2200
98,103.9200,103.9200,103.8800,103.8900,20190820110200,1566313320000,2600
99,103.9900,104.0400,103.9400,103.9500,20190820110300,1566313380000,3963
100,103.9550,103.9800,103.8960,103.9800,20190820110400,1566313440000,1626
101,103.9700,103.9825,103.9500,103.9700,20190820110500,1566313500000,1300
102,104.2900,104.2900,104.0500,104.0700,20190820110600,1566313560000,6793
103,104.3500,104.4000,104.1600,104.2750,20190820110700,1566313620000,8955
104,104.4800,104.4800,104.3200,104.3200,20190820110800,1566313680000,7700
105,104.4100,104.4900,104.2400,104.3350,20190820110900,1566313740000,5962
106,104.4200,104.4200,104.3300,104.3350,20190820111000,1566313800000,1800
107,104.3600,104.3900,104.3300,104.3900,20190820111100,1566313860000,3100
108,104.4000,104.4200,104.3000,104.3300,20190820111200,1566313920000,3984
109,104.4100,104.4600,104.3900,104.4300,20190820111300,1566313980000,3000
110,104.3250,104.4000,104.3000,104.4000,20190820111400,1566314040000,3107
111,104.4200,104.4200,104.3300,104.3300,20190820111500,1566314100000,2494
112,104.4700,104.4700,104.4000,104.4300,20190820111600,1566314160000,3585
113,104.4500,104.5200,104.4200,104.4900,20190820111700,1566314220000,3085
114,104.5200,104.5200,104.4600,104.4700,20190820111800,1566314280000,800
115,104.4450,104.5000,104.4450,104.4750,20190820111900,1566314340000,2268
116,104.3600,104.4700,104.3300,104.4646,20190820112000,1566314400000,2845
117,104.1900,104.3500,104.1900,104.3300,20190820112100,1566314460000,3200
118,104.3300,104.3400,104.2900,104.2900,20190820112200,1566314520000,1200
119,104.2050,104.3508,104.1900,104.3508,20190820112300,1566314580000,1531
120,104.2250,104.2800,104.1750,104.1800,20190820112400,1566314640000,3605
121,104.2950,104.3400,104.2350,104.2350,20190820112500,1566314700000,900
122,104.3100,104.4000,104.2950,104.2950,20190820112600,1566314760000,1800
123,104.3700,104.4000,104.3450,104.3500,20190820112700,1566314820000,1000
124,104.3450,104.3859,104.3300,104.3700,20190820112800,1566314880000,1200
125,104.2150,104.3350,104.1850,104.3350,20190820112900,1566314940000,2650
126,104.1750,104.2200,104.0800,104.2200,20190820113000,1566315000000,3122
127,104.2000,104.2100,104.1400,104.1400,20190820113100,1566315060000,2009
128,104.1700,104.2100,104.1500,104.1700,20190820113200,1566315120000,2300
129,104.2700,104.2700,104.2300,104.2300,20190820113300,1566315180000,900
130,104.2500,104.3000,104.2400,104.2750,20190820113400,1566315240000,2104
131,104.2500,104.2500,104.1300,104.1900,20190820113500,1566315300000,1200
132,104.2200,104.2300,104.2200,104.2300,20190820113600,1566315360000,200
133,104.2100,104.2400,104.1600,104.2050,20190820113700,1566315420000,5600
134,104.1993,104.2023,104.1600,104.2000,20190820113800,1566315480000,12322
135,104.2100,104.2100,104.1350,104.1650,20190820113900,1566315540000,3550
136,104.2188,104.2500,104.1600,104.2200,20190820114000,1566315600000,2500
137,104.1700,104.2150,104.1600,104.2150,20190820114100,1566315660000,1849
138,104.1300,104.1750,104.0600,104.1750,20190820114200,1566315720000,2294
139,104.0900,104.1055,104.0500,104.1055,20190820114300,1566315780000,1274
140,104.0100,104.0625,103.9700,104.0625,20190820114400,1566315840000,3249
141,104.2100,104.2200,104.0600,104.0900,20190820114500,1566315900000,1400
142,104.2250,104.2450,104.2000,104.2100,20190820114600,1566315960000,3700
143,104.2100,104.2550,104.1850,104.2500,20190820114700,1566316020000,2300
144,104.1100,104.1750,104.1100,104.1750,20190820114800,1566316080000,1100
145,104.2100,104.2400,104.2100,104.2350,20190820114900,1566316140000,821
146,104.2350,104.3300,104.2200,104.2300,20190820115000,1566316200000,11921
147,104.2800,104.2800,104.2450,104.2500,20190820115100,1566316260000,1738
148,104.3100,104.3700,104.2650,104.2650,20190820115200,1566316320000,3236
149,104.2100,104.2900,104.2100,104.2900,20190820115300,1566316380000,2200
150,104.2950,104.3200,104.2200,104.2300,20190820115400,1566316440000,1900
151,104.1800,104.2900,104.1500,104.2900,20190820115500,1566316500000,1600
152,104.2400,104.2500,104.1750,104.1900,20190820115600,1566316560000,2400
153,104.3400,104.3700,104.2650,104.2700,20190820115700,1566316620000,800
154,104.3200,104.3500,104.3100,104.3100,20190820115800,1566316680000,3066
155,104.3000,104.3200,104.2288,104.3200,20190820115900,1566316740000,3938
156,104.3200,104.3200,104.2850,104.3100,20190820120000,1566316800000,300
157,104.3250,104.3450,104.2800,104.2800,20190820120100,1566316860000,2001
158,104.3494,104.3494,104.3300,104.3400,20190820120200,1566316920000,500
159,104.2800,104.3700,104.2800,104.3700,20190820120300,1566316980000,1806
160,104.2350,104.2900,104.2100,104.2850,20190820120400,1566317040000,2100
161,104.1850,104.2400,104.1800,104.2330,20190820120500,1566317100000,11500
162,104.2100,104.2100,104.1500,104.1800,20190820120600,1566317160000,1800
163,104.2250,104.2300,104.2000,104.2000,20190820120700,1566317220000,400
164,104.2900,104.2900,104.2500,104.2600,20190820120800,1566317280000,1098
165,104.3400,104.3400,104.2800,104.2800,20190820120900,1566317340000,1282
166,104.3500,104.3500,104.3250,104.3400,20190820121000,1566317400000,2286
167,104.3300,104.3426,104.3050,104.3400,20190820121100,1566317460000,1666
168,104.3500,104.3650,104.3350,104.3400,20190820121200,1566317520000,700
169,104.3100,104.3700,104.3000,104.3700,20190820121300,1566317580000,1897
170,104.3300,104.3300,104.3050,104.3050,20190820121400,1566317640000,700
171,104.4300,104.4300,104.3700,104.3800,20190820121500,1566317700000,1360
172,104.4200,104.4700,104.4200,104.4600,20190820121600,1566317760000,2448
173,104.4380,104.4380,104.4000,104.4300,20190820121700,1566317820000,731
174,104.4100,104.4100,104.4000,104.4000,20190820121800,1566317880000,600
175,104.4300,104.4400,104.4200,104.4200,20190820121900,1566317940000,10600
176,104.4650,104.4800,104.4300,104.4400,20190820122000,1566318000000,2041
177,104.4350,104.4850,104.4350,104.4800,20190820122100,1566318060000,2357
178,104.3900,104.4400,104.3500,104.4350,20190820122200,1566318120000,2600
179,104.3400,104.4100,104.3400,104.3900,20190820122300,1566318180000,1300
180,104.2750,104.3100,104.2750,104.2800,20190820122400,1566318240000,700
181,104.3200,104.3200,104.2600,104.2900,20190820122500,1566318300000,3700
182,104.2800,104.3000,104.2800,104.2900,20190820122600,1566318360000,700
183,104.2600,104.2700,104.2400,104.2700,20190820122700,1566318420000,2363
184,104.2300,104.2600,104.2300,104.2600,20190820122800,1566318480000,1369
185,104.2100,104.2300,104.1900,104.2150,20190820122900,1566318540000,2600
186,104.2300,104.2300,104.2000,104.2052,20190820123000,1566318600000,1920
187,104.1800,104.2300,104.1800,104.2300,20190820123100,1566318660000,900
188,104.1750,104.1800,104.1600,104.1700,20190820123200,1566318720000,700
189,104.1500,104.1750,104.1500,104.1750,20190820123300,1566318780000,588
190,104.1600,104.2000,104.1350,104.1700,20190820123400,1566318840000,11243
191,104.1050,104.1800,104.0900,104.1600,20190820123500,1566318900000,3083
192,104.1200,104.1200,104.0900,104.1100,20190820123600,1566318960000,900
193,104.1000,104.1000,104.0200,104.0600,20190820123700,1566319020000,3513
194,104.1450,104.1450,104.1295,104.1300,20190820123800,1566319080000,1099
195,104.1000,104.1750,104.1000,104.1700,20190820123900,1566319140000,800
196,104.1550,104.1550,104.1000,104.1250,20190820124000,1566319200000,1500
197,104.1300,104.1950,104.1300,104.1950,20190820124100,1566319260000,1200
198,104.0700,104.1000,104.0700,104.1000,20190820124200,1566319320000,1500
199,104.0750,104.0750,104.0700,104.0700,20190820124300,1566319380000,500
200,104.0500,104.0650,104.0400,104.0600,20190820124400,1566319440000,930
201,104.0900,104.0900,104.0600,104.0700,20190820124500,1566319500000,900
202,104.1300,104.1350,104.1200,104.1200,20190820124600,1566319560000,400
203,104.1700,104.1800,104.1300,104.1600,20190820124700,1566319620000,1443
204,104.2000,104.2000,104.1800,104.1800,20190820124800,1566319680000,200
205,104.1750,104.2450,104.1750,104.2450,20190820124900,1566319740000,7457
206,104.2100,104.2100,104.1700,104.1850,20190820125000,1566319800000,2370
207,104.1900,104.1900,104.1700,104.1700,20190820125100,1566319860000,900
208,104.2495,104.2600,104.1800,104.1800,20190820125200,1566319920000,3228
209,104.2500,104.2800,104.2500,104.2800,20190820125300,1566319980000,682
210,104.1400,104.2200,104.1400,104.2200,20190820125400,1566320040000,1200
211,104.1850,104.1850,104.1500,104.1500,20190820125500,1566320100000,800
212,104.2700,104.3000,104.2200,104.2200,20190820125600,1566320160000,2000
213,104.2600,104.2700,104.2550,104.2600,20190820125700,1566320220000,500
214,104.3000,104.3100,104.2800,104.2800,20190820125800,1566320280000,700
215,104.3000,104.3500,104.3000,104.3500,20190820125900,1566320340000,1300
216,104.2950,104.3000,104.2700,104.3000,20190820130000,1566320400000,1400
217,104.3400,104.3400,104.3100,104.3100,20190820130100,1566320460000,500
218,104.3264,104.3600,104.3264,104.3600,20190820130200,1566320520000,1700
219,104.3300,104.3550,104.3100,104.3500,20190820130300,1566320580000,2017
220,104.3950,104.3950,104.3250,104.3250,20190820130400,1566320640000,2947
221,104.4600,104.4600,104.3600,104.3600,20190820130500,1566320700000,1064
222,104.5400,104.5650,104.4500,104.4500,20190820130600,1566320760000,1502
223,104.6250,104.7000,104.5600,104.5600,20190820130700,1566320820000,65025
224,104.7100,104.7100,104.6100,104.6100,20190820130800,1566320880000,1175
225,104.6400,104.6500,104.5800,104.6500,20190820130900,1566320940000,3626
226,104.6700,104.6800,104.6400,104.6600,20190820131000,1566321000000,2926
227,104.7100,104.7100,104.6800,104.7000,20190820131100,1566321060000,1000
228,104.7100,104.7350,104.7100,104.7200,20190820131200,1566321120000,1700
229,104.6750,104.7100,104.6401,104.6800,20190820131300,1566321180000,1031
230,104.7300,104.7900,104.7100,104.7100,20190820131400,1566321240000,662
231,104.6900,104.7500,104.6900,104.7400,20190820131500,1566321300000,2363
232,104.7070,104.7200,104.7050,104.7050,20190820131600,1566321360000,2300
233,104.6800,104.7100,104.6800,104.7000,20190820131700,1566321420000,1000
234,104.7200,104.7200,104.6750,104.6900,20190820131800,1566321480000,900
235,104.6200,104.7250,104.6200,104.7000,20190820131900,1566321540000,945
236,104.5950,104.6200,104.5800,104.5900,20190820132000,1566321600000,1100
237,104.5900,104.6100,104.5900,104.5900,20190820132100,1566321660000,1500
238,104.6350,104.6350,104.5800,104.5800,20190820132200,1566321720000,800
239,104.6500,104.6500,104.6200,104.6350,20190820132300,1566321780000,700
240,104.6300,104.6900,104.6300,104.6500,20190820132400,1566321840000,3271
241,104.6200,104.6500,104.6100,104.6500,20190820132500,1566321900000,2000
242,104.6500,104.6700,104.6300,104.6300,20190820132600,1566321960000,1200
243,104.7200,104.7300,104.6500,104.6500,20190820132700,1566322020000,2100
244,104.7300,104.7400,104.7200,104.7200,20190820132800,1566322080000,500
245,104.7200,104.7400,104.7000,104.7400,20190820132900,1566322140000,1931
246,104.7800,104.7800,104.7200,104.7200,20190820133000,1566322200000,1700
247,104.6950,104.7700,104.6900,104.7700,20190820133100,1566322260000,3500
248,104.7700,104.8000,104.7450,104.7450,20190820133200,1566322320000,1025
249,104.7200,104.7800,104.7200,104.7663,20190820133300,1566322380000,612
250,104.7044,104.7300,104.6900,104.7150,20190820133400,1566322440000,2727
251,104.7200,104.7200,104.6500,104.6800,20190820133500,1566322500000,5785
252,104.6589,104.7100,104.6400,104.6800,20190820133600,1566322560000,6195
253,104.6950,104.7000,104.6600,104.6600,20190820133700,1566322620000,700
254,104.6650,104.7000,104.6650,104.6900,20190820133800,1566322680000,3041
255,104.6700,104.6726,104.6300,104.6700,20190820133900,1566322740000,5098
256,104.6900,104.6900,104.6500,104.6700,20190820134000,1566322800000,11099
257,104.7900,104.7900,104.6700,104.6900,20190820134100,1566322860000,1972
258,104.8000,104.8300,104.8000,104.8050,20190820134200,1566322920000,3451
259,104.7500,104.7900,104.7500,104.7900,20190820134300,1566322980000,600
260,104.7500,104.7600,104.7450,104.7450,20190820134400,1566323040000,7790
261,104.6900,104.7500,104.6900,104.7500,20190820134500,1566323100000,1500
262,104.7050,104.7400,104.7050,104.7400,20190820134600,1566323160000,2300
263,104.7500,104.7500,104.6960,104.7050,20190820134700,1566323220000,12665
264,104.7400,104.7597,104.7200,104.7300,20190820134800,1566323280000,15036
265,104.8300,104.8300,104.7400,104.7400,20190820134900,1566323340000,1968
266,104.7700,104.8700,104.7600,104.8700,20190820135000,1566323400000,1900
267,104.7900,104.7900,104.7500,104.7750,20190820135100,1566323460000,2195
268,104.7900,104.8300,104.7900,104.8300,20190820135200,1566323520000,1600
269,104.8700,104.8700,104.8100,104.8100,20190820135300,1566323580000,700
270,104.8400,104.9000,104.8400,104.8550,20190820135400,1566323640000,2781
271,104.8400,104.8600,104.8250,104.8459,20190820135500,1566323700000,1667
272,104.9100,104.9100,104.8200,104.8200,20190820135600,1566323760000,900
273,104.9700,104.9700,104.8800,104.8850,20190820135700,1566323820000,847
274,104.9400,104.9800,104.9400,104.9800,20190820135800,1566323880000,2811
275,104.9400,104.9400,104.9200,104.9200,20190820135900,1566323940000,400
276,104.7750,104.9200,104.7700,104.9000,20190820140000,1566324000000,2940
277,104.8000,104.8200,104.7600,104.7900,20190820140100,1566324060000,2111
278,104.7800,104.8000,104.7500,104.8000,20190820140200,1566324120000,1600
279,104.7500,104.8350,104.7400,104.7900,20190820140300,1566324180000,2100
280,104.7900,104.7900,104.7800,104.7800,20190820140400,1566324240000,930
281,104.8500,104.8500,104.7950,104.7950,20190820140500,1566324300000,2050
282,104.9100,104.9100,104.8550,104.8700,20190820140600,1566324360000,500
283,104.7600,104.8800,104.7600,104.8600,20190820140700,1566324420000,4004
284,104.7500,104.7800,104.7300,104.7500,20190820140800,1566324480000,2200
285,104.7100,104.7500,104.7100,104.7300,20190820140900,1566324540000,1244
286,104.7200,104.7500,104.6904,104.6904,20190820141000,1566324600000,2369
287,104.7500,104.7500,104.7100,104.7150,20190820141100,1566324660000,1600
288,104.7000,104.8300,104.7000,104.7800,20190820141200,1566324720000,6004
289,104.6600,104.8077,104.6600,104.7331,20190820141300,1566324780000,2561
290,104.6550,104.6800,104.6200,104.6500,20190820141400,1566324840000,2100
291,104.6500,104.7000,104.6500,104.7000,20190820141500,1566324900000,400
292,104.6500,104.6500,104.6200,104.6200,20190820141600,1566324960000,268
293,104.7500,104.7500,104.6400,104.6800,20190820141700,1566325020000,2986
294,104.7100,104.7300,104.7000,104.7049,20190820141800,1566325080000,1534
295,104.8000,104.8200,104.7000,104.7300,20190820141900,1566325140000,2185
296,104.7700,104.8350,104.7500,104.8100,20190820142000,1566325200000,2700
297,104.6550,104.7100,104.5900,104.7100,20190820142100,1566325260000,2600
298,104.7500,104.7500,104.6700,104.6700,20190820142200,1566325320000,1700
299,104.6850,104.7600,104.6700,104.7600,20190820142300,1566325380000,700
300,104.7750,104.7750,104.6900,104.6900,20190820142400,1566325440000,300
301,104.7750,104.7800,104.7350,104.7500,20190820142500,1566325500000,1940
302,104.7700,104.8385,104.7450,104.8000,20190820142600,1566325560000,1196
303,104.7800,104.7800,104.7650,104.7650,20190820142700,1566325620000,375
304,104.7500,104.7800,104.7300,104.7650,20190820142800,1566325680000,2200
305,104.7650,104.7900,104.7500,104.7500,20190820142900,1566325740000,1400
306,104.7550,104.7600,104.7100,104.7300,20190820143000,1566325800000,1431
307,104.8050,104.8050,104.7800,104.7800,20190820143100,1566325860000,690
308,104.8050,104.8300,104.8050,104.8300,20190820143200,1566325920000,1100
309,104.7300,104.7800,104.7300,104.7800,20190820143300,1566325980000,2100
310,104.7650,104.7650,104.7414,104.7414,20190820143400,1566326040000,1396
311,104.7900,104.8000,104.7650,104.7750,20190820143500,1566326100000,1700
312,104.8500,104.8600,104.8100,104.8100,20190820143600,1566326160000,1600
313,104.8500,104.8900,104.8500,104.8600,20190820143700,1566326220000,1242
314,104.8200,104.8600,104.8200,104.8600,20190820143800,1566326280000,2800
315,104.8800,104.9000,104.8600,104.8600,20190820143900,1566326340000,1050
316,104.8900,104.8900,104.8300,104.8700,20190820144000,1566326400000,2200
317,104.8700,104.8950,104.8700,104.8900,20190820144100,1566326460000,518
318,104.8500,104.8800,104.8200,104.8800,20190820144200,1566326520000,1900
319,104.7900,104.8400,104.7900,104.8400,20190820144300,1566326580000,600
320,104.8100,104.8300,104.7900,104.8100,20190820144400,1566326640000,900
321,104.9000,104.9000,104.8150,104.8150,20190820144500,1566326700000,1401
322,104.9800,104.9900,104.8800,104.9100,20190820144600,1566326760000,1900
323,105.0100,105.0200,104.9650,104.9650,20190820144700,1566326820000,1400
324,105.0000,105.0800,104.9900,105.0400,20190820144800,1566326880000,2800
325,105.0250,105.0400,105.0050,105.0050,20190820144900,1566326940000,1553
326,104.9900,105.0400,104.9800,105.0400,20190820145000,1566327000000,2600
327,104.9900,105.0000,104.9300,105.0000,20190820145100,1566327060000,600
328,104.9000,104.9850,104.9000,104.9850,20190820145200,1566327120000,1800
329,104.8950,104.9300,104.8900,104.9050,20190820145300,1566327180000,500
330,104.8800,104.9000,104.8500,104.9000,20190820145400,1566327240000,2929
331,104.9450,104.9700,104.9050,104.9050,20190820145500,1566327300000,1439
332,104.9200,104.9800,104.9150,104.9700,20190820145600,1566327360000,3900
333,104.9800,104.9800,104.9250,104.9250,20190820145700,1566327420000,2000
334,105.0400,105.0400,104.9850,104.9850,20190820145800,1566327480000,2100
335,105.0250,105.0500,105.0100,105.0350,20190820145900,1566327540000,2500
336,104.9100,105.0100,104.9100,105.0100,20190820150000,1566327600000,2194
337,104.9100,104.9200,104.8850,104.9000,20190820150100,1566327660000,2700
338,104.9200,104.9500,104.8900,104.9300,20190820150200,1566327720000,2200
339,104.9250,104.9600,104.9100,104.9400,20190820150300,1566327780000,7450
340,104.9550,104.9600,104.9200,104.9200,20190820150400,1566327840000,2015
341,104.9200,104.9700,104.9100,104.9700,20190820150500,1566327900000,3000
342,104.9650,104.9800,104.9000,104.9100,20190820150600,1566327960000,3150
343,104.9250,104.9600,104.9200,104.9600,20190820150700,1566328020000,1900
344,104.9600,104.9600,104.8900,104.9250,20190820150800,1566328080000,1700
345,104.9900,104.9900,104.9200,104.9500,20190820150900,1566328140000,7100
346,104.9600,105.0000,104.9600,104.9700,20190820151000,1566328200000,6000
347,104.9700,104.9800,104.9500,104.9700,20190820151100,1566328260000,2800
348,104.9600,104.9900,104.9600,104.9800,20190820151200,1566328320000,2250
349,104.9100,104.9550,104.9000,104.9550,20190820151300,1566328380000,3000
350,104.9000,104.9300,104.8900,104.9300,20190820151400,1566328440000,2073
351,104.8800,104.9300,104.8500,104.9100,20190820151500,1566328500000,4161
352,104.8800,104.8900,104.8300,104.8900,20190820151600,1566328560000,2200
353,104.8400,104.9000,104.8400,104.8900,20190820151700,1566328620000,1300
354,104.7900,104.8350,104.7900,104.8350,20190820151800,1566328680000,1700
355,104.7950,104.7950,104.7700,104.7861,20190820151900,1566328740000,2034
356,104.7300,104.8400,104.7300,104.8100,20190820152000,1566328800000,2726
357,104.8400,104.8400,104.7400,104.7500,20190820152100,1566328860000,1400
358,104.8000,104.8450,104.8000,104.8400,20190820152200,1566328920000,1650
359,104.8600,104.8600,104.7800,104.7900,20190820152300,1566328980000,1700
360,104.8300,104.8600,104.8300,104.8600,20190820152400,1566329040000,2293
361,104.8100,104.8500,104.8000,104.8400,20190820152500,1566329100000,2500
362,104.8400,104.8400,104.8000,104.8000,20190820152600,1566329160000,2800
363,104.8950,104.9200,104.8300,104.8400,20190820152700,1566329220000,2934
364,104.9200,104.9200,104.8800,104.9100,20190820152800,1566329280000,2814
365,104.9400,104.9400,104.9200,104.9200,20190820152900,1566329340000,1800
366,104.9000,104.9800,104.9000,104.9800,20190820153000,1566329400000,3037
367,104.8900,104.9300,104.8800,104.9100,20190820153100,1566329460000,2400
368,104.8200,104.8700,104.8200,104.8700,20190820153200,1566329520000,4081
369,104.8350,104.8500,104.8000,104.8000,20190820153300,1566329580000,2623
370,104.8700,104.8900,104.8300,104.8300,20190820153400,1566329640000,2671
371,104.8000,104.8700,104.8000,104.8600,20190820153500,1566329700000,3505
372,104.7800,104.8200,104.7700,104.7850,20190820153600,1566329760000,4000
373,104.7500,104.8000,104.7500,104.7750,20190820153700,1566329820000,2625
374,104.7200,104.7400,104.7200,104.7400,20190820153800,1566329880000,900
375,104.7250,104.7600,104.7000,104.7200,20190820153900,1566329940000,11600
376,104.7000,104.7700,104.7000,104.7300,20190820154000,1566330000000,3766
377,104.6550,104.6950,104.6550,104.6900,20190820154100,1566330060000,3000
378,104.6300,104.6650,104.6300,104.6650,20190820154200,1566330120000,3121
379,104.6700,104.6700,104.6000,104.6000,20190820154300,1566330180000,5018
380,104.6850,104.6900,104.6500,104.6700,20190820154400,1566330240000,4670
381,104.7200,104.7400,104.6700,104.6850,20190820154500,1566330300000,5400
382,104.7000,104.7350,104.6900,104.7300,20190820154600,1566330360000,2400
383,104.6800,104.7000,104.6700,104.6900,20190820154700,1566330420000,5123
384,104.6700,104.7100,104.6700,104.6950,20190820154800,1566330480000,5814
385,104.6300,104.7000,104.6200,104.6800,20190820154900,1566330540000,5881
386,104.5900,104.6600,104.5900,104.6400,20190820155000,1566330600000,4971
387,104.5850,104.6200,104.5350,104.6000,20190820155100,1566330660000,8585
388,104.6200,104.6700,104.5850,104.5900,20190820155200,1566330720000,8967
389,104.5700,104.6300,104.5700,104.6300,20190820155300,1566330780000,7435
390,104.5500,104.6000,104.5400,104.5900,20190820155400,1566330840000,7300
391,104.3500,104.5500,104.2300,104.5500,20190820155500,1566330900000,53356
392,104.2900,104.3800,104.2600,104.3500,20190820155600,1566330960000,22224
393,104.2500,104.3250,104.2300,104.2900,20190820155700,1566331020000,18995
394,104.2700,104.3200,104.2400,104.2800,20190820155800,1566331080000,21412
395,104.1800,104.2800,104.1700,104.2600,20190820155900,1566331140000,79969
396,104.1900,104.1900,104.1800,104.1800,20190820160000,1566331200000,481654
397,105.8700,105.8700,105.8700,105.8700,20190821092800,1566394080000,258
398,106.6200,106.6200,105.7100,105.7100,20190821093000,1566394200000,17532
399,105.8600,106.4100,105.8000,106.3950,20190821093100,1566394260000,6096
400,105.6100,105.8600,105.3700,105.8600,20190821093200,1566394320000,4662
401,105.2650,105.5450,105.2550,105.5000,20190821093300,1566394380000,4329
402,105.7100,105.7100,105.2500,105.2500,20190821093400,1566394440000,3001
403,105.3900,105.7100,105.3900,105.7100,20190821093500,1566394500000,10757
404,105.9000,105.9000,105.3900,105.4200,20190821093600,1566394560000,3000
405,105.0000,105.7600,105.0000,105.7600,20190821093700,1566394620000,5432
406,105.0000,105.0900,104.9524,105.0500,20190821093800,1566394680000,3410
407,104.4400,105.1035,104.4400,105.0000,20190821093900,1566394740000,3980
408,104.6400,104.6700,104.2600,104.3400,20190821094000,1566394800000,5384
409,104.7250,105.0000,104.5600,104.6440,20190821094100,1566394860000,3930
410,104.8100,104.8100,104.6600,104.7300,20190821094200,1566394920000,904
411,104.7600,104.8800,104.7100,104.8100,20190821094300,1566394980000,1200
412,104.9400,105.0100,104.7500,104.7600,20190821094400,1566395040000,800
413,105.0100,105.1100,104.8700,105.1000,20190821094500,1566395100000,1800
414,105.2300,105.2300,104.9400,105.0300,20190821094600,1566395160000,900
415,105.4500,105.5700,105.1700,105.1800,20190821094700,1566395220000,14982
416,105.3100,105.5000,105.3000,105.4000,20190821094800,1566395280000,6397
417,105.5800,105.5800,105.3500,105.3900,20190821094900,1566395340000,4022
418,105.5450,105.5799,105.4800,105.5799,20190821095000,1566395400000,1400
419,105.6750,105.7750,105.5200,105.5300,20190821095100,1566395460000,4017
420,105.6900,105.7500,105.6100,105.6600,20190821095200,1566395520000,1025
421,105.5800,105.7300,105.5600,105.6700,20190821095300,1566395580000,13492
422,105.4400,105.5750,105.3400,105.5750,20190821095400,1566395640000,8741
423,105.3850,105.4605,105.3200,105.3700,20190821095500,1566395700000,1800
424,105.2947,105.3950,105.2100,105.3300,20190821095600,1566395760000,2640
425,105.3665,105.4200,105.2400,105.2800,20190821095700,1566395820000,3024
426,105.3500,105.3600,105.2200,105.3600,20190821095800,1566395880000,11930
427,105.4100,105.4600,105.2500,105.4600,20190821095900,1566395940000,9600
428,105.5300,105.5300,105.4100,105.4100,20190821100000,1566396000000,2100
429,105.4600,105.5300,105.4000,105.4650,20190821100100,1566396060000,4990
430,105.3850,105.5200,105.3850,105.5200,20190821100200,1566396120000,1465
431,105.2400,105.3600,105.2400,105.3000,20190821100300,1566396180000,800
432,105.1800,105.2500,105.1800,105.2500,20190821100400,1566396240000,1300
433,105.1700,105.2200,105.0671,105.2200,20190821100500,1566396300000,1275
434,105.0427,105.0427,105.0000,105.0300,20190821100600,1566396360000,964
435,105.2300,105.2500,105.1000,105.1000,20190821100700,1566396420000,1940
436,105.1600,105.2500,105.1600,105.2500,20190821100800,1566396480000,400
437,105.1900,105.2650,105.1300,105.1450,20190821100900,1566396540000,1300
438,105.3000,105.3700,105.2300,105.2600,20190821101000,1566396600000,1651
439,105.2600,105.2600,105.2600,105.2600,20190821101100,1566396660000,100
440,105.2200,105.2200,105.1800,105.1800,20190821101200,1566396720000,300
441,105.1350,105.1900,105.1350,105.1600,20190821101300,1566396780000,2016
442,105.3100,105.3100,105.1800,105.1800,20190821101400,1566396840000,1458
443,105.3300,105.3300,105.2300,105.2900,20190821101500,1566396900000,1283
444,105.3950,105.4000,105.2900,105.3250,20190821101600,1566396960000,1000
445,105.3750,105.4100,105.3700,105.3700,20190821101700,1566397020000,400
446,105.5200,105.5200,105.3350,105.3900,20190821101800,1566397080000,1039
447,105.5800,105.5800,105.5100,105.5500,20190821101900,1566397140000,1311
448,105.6270,105.6300,105.5800,105.6150,20190821102000,1566397200000,400
449,105.8500,105.8500,105.6330,105.6333,20190821102100,1566397260000,1641
450,105.7800,105.8500,105.7400,105.8500,20190821102200,1566397320000,600
451,105.7800,105.8500,105.7700,105.8200,20190821102300,1566397380000,1500
452,105.7700,105.7700,105.7200,105.7400,20190821102400,1566397440000,843
453,105.7100,105.7500,105.7100,105.7500,20190821102500,1566397500000,600
454,105.6600,105.7250,105.6600,105.7250,20190821102600,1566397560000,1308
455,105.6500,105.6500,105.6100,105.6200,20190821102700,1566397620000,941
456,105.6850,105.7100,105.6450,105.6500,20190821102800,1566397680000,2695
457,105.6100,105.7000,105.5800,105.6400,20190821102900,1566397740000,1700
458,105.5583,105.6100,105.5300,105.5500,20190821103000,1566397800000,1725
459,105.6500,105.6600,105.6000,105.6000,20190821103100,1566397860000,2700
460,105.6500,105.7500,105.6500,105.6500,20190821103200,1566397920000,1576
461,105.5200,105.6100,105.5200,105.6100,20190821103300,1566397980000,1725
462,105.4200,105.4200,105.4200,105.4200,20190821103400,1566398040000,200
463,105.4900,105.4900,105.3700,105.4400,20190821103500,1566398100000,1800
464,105.6000,105.6100,105.5200,105.5200,20190821103600,1566398160000,1300
465,105.5100,105.5672,105.4967,105.5672,20190821103700,1566398220000,1683
466,105.4100,105.4650,105.3900,105.4400,20190821103800,1566398280000,600
467,105.4397,105.4600,105.4000,105.4000,20190821103900,1566398340000,500
468,105.4700,105.4900,105.4450,105.4450,20190821104000,1566398400000,800
469,105.4200,105.4900,105.4200,105.4900,20190821104100,1566398460000,600
470,105.4000,105.4000,105.4000,105.4000,20190821104200,1566398520000,300
471,105.4700,105.5600,105.4700,105.5600,20190821104300,1566398580000,300
472,105.3900,105.5300,105.3900,105.5000,20190821104400,1566398640000,1800
473,105.4800,105.4800,105.4100,105.4100,20190821104500,1566398700000,2048
474,105.5000,105.5100,105.4550,105.4800,20190821104600,1566398760000,2300
475,105.5250,105.5400,105.5250,105.5400,20190821104700,1566398820000,600
476,105.4100,105.5300,105.4000,105.5100,20190821104800,1566398880000,2875
477,105.5000,105.5100,105.4500,105.4500,20190821104900,1566398940000,2001
478,105.5500,105.5500,105.5300,105.5500,20190821105000,1566399000000,400
479,105.5600,105.5829,105.5100,105.5800,20190821105100,1566399060000,2700
480,105.4800,105.5400,105.4800,105.5400,20190821105200,1566399120000,900
481,105.4850,105.5000,105.4500,105.4500,20190821105300,1566399180000,1398
482,105.4500,105.5000,105.4400,105.5000,20190821105400,1566399240000,1000
483,105.4300,105.4900,105.4200,105.4200,20190821105500,1566399300000,1831
484,105.3000,105.3900,105.3000,105.3900,20190821105600,1566399360000,1817
485,105.2800,105.3000,105.2300,105.2700,20190821105700,1566399420000,1200
486,105.2100,105.3200,105.2100,105.3100,20190821105800,1566399480000,1544
487,105.1800,105.2500,105.1600,105.2100,20190821105900,1566399540000,800
488,105.0700,105.1900,105.0500,105.1500,20190821110000,1566399600000,2336
489,105.1750,105.1750,105.1000,105.1500,20190821110100,1566399660000,600
490,105.3355,105.3355,105.2100,105.2100,20190821110200,1566399720000,800
491,105.3750,105.3750,105.2900,105.3100,20190821110300,1566399780000,1560
492,105.4600,105.4600,105.3600,105.3600,20190821110400,1566399840000,1010
493,105.4700,105.5300,105.4100,105.4100,20190821110500,1566399900000,800
494,105.4200,105.4550,105.4100,105.4550,20190821110600,1566399960000,1000
495,105.4300,105.4500,105.3900,105.3900,20190821110700,1566400020000,400
496,105.5000,105.5000,105.4346,105.4346,20190821110800,1566400080000,1679
497,105.5100,105.5450,105.4800,105.5117,20190821110900,1566400140000,2700
498,105.5500,105.5500,105.5500,105.5500,20190821111000,1566400200000,200
499,105.4600,105.5000,105.4600,105.5000,20190821111100,1566400260000,400
500,105.4700,105.4950,105.4432,105.4500,20190821111200,1566400320000,1595
501,105.5050,105.5100,105.4700,105.5100,20190821111300,1566400380000,667
502,105.4400,105.4800,105.4200,105.4800,20190821111400,1566400440000,900
503,105.4500,105.5100,105.4100,105.4500,20190821111500,1566400500000,1300
504,105.3900,105.3900,105.3500,105.3900,20190821111600,1566400560000,1171
505,105.3700,105.4000,105.3700,105.4000,20190821111700,1566400620000,352
506,105.4500,105.4900,105.4400,105.4800,20190821111800,1566400680000,900
507,105.4200,105.4500,105.4101,105.4450,20190821111900,1566400740000,1626
508,105.4200,105.4300,105.4000,105.4000,20190821112000,1566400800000,651
509,105.4500,105.4500,105.4300,105.4400,20190821112100,1566400860000,1847
510,105.5000,105.5000,105.4900,105.4900,20190821112200,1566400920000,600
511,105.4800,105.5150,105.4800,105.5100,20190821112300,1566400980000,577
512,105.4100,105.4800,105.4100,105.4800,20190821112400,1566401040000,600
513,105.4400,105.4700,105.4400,105.4700,20190821112500,1566401100000,200
514,105.4000,105.4500,105.4000,105.4500,20190821112600,1566401160000,1300
515,105.3600,105.3600,105.3600,105.3600,20190821112700,1566401220000,100
516,105.3700,105.3900,105.3650,105.3650,20190821112800,1566401280000,500
517,105.4800,105.5000,105.4800,105.5000,20190821112900,1566401340000,300
518,105.5000,105.5000,105.4800,105.4800,20190821113000,1566401400000,800
519,105.4350,105.4900,105.4350,105.4700,20190821113100,1566401460000,700
520,105.4700,105.4700,105.4300,105.4400,20190821113200,1566401520000,1100
521,105.4800,105.4800,105.4800,105.4800,20190821113300,1566401580000,100
522,105.5200,105.5200,105.4700,105.4800,20190821113400,1566401640000,1100
523,105.5000,105.5950,105.5000,105.5700,20190821113500,1566401700000,1400
524,105.5500,105.5500,105.5200,105.5200,20190821113600,1566401760000,300
525,105.5900,105.6350,105.5900,105.5950,20190821113700,1566401820000,2900
526,105.5400,105.6400,105.5400,105.5900,20190821113800,1566401880000,3200
527,105.5600,105.5900,105.5600,105.5600,20190821113900,1566401940000,2400
528,105.6100,105.6270,105.5450,105.5450,20190821114000,1566402000000,775
529,105.6700,105.6700,105.6300,105.6500,20190821114100,1566402060000,500
530,105.5600,105.6500,105.5600,105.6400,20190821114200,1566402120000,1133
531,105.5300,105.6450,105.5300,105.5961,20190821114300,1566402180000,1900
532,105.6000,105.6000,105.5400,105.5700,20190821114400,1566402240000,2853
533,105.7700,105.7700,105.5850,105.5850,20190821114500,1566402300000,1108
534,105.7459,105.7600,105.7250,105.7500,20190821114600,1566402360000,32526
535,105.7350,105.7950,105.7300,105.7700,20190821114700,1566402420000,2461
536,105.6500,105.7050,105.5900,105.7000,20190821114800,1566402480000,5100
537,105.6500,105.6525,105.5700,105.6500,20190821114900,1566402540000,5826
538,105.6900,105.7550,105.6450,105.6700,20190821115000,1566402600000,2111
539,105.6200,105.6800,105.6200,105.6800,20190821115100,1566402660000,800
540,105.6300,105.6500,105.6300,105.6300,20190821115200,1566402720000,400
541,105.7100,105.7100,105.6700,105.6900,20190821115300,1566402780000,1500
542,105.7182,105.7300,105.6700,105.6924,20190821115400,1566402840000,590
543,105.7200,105.7800,105.6900,105.7200,20190821115500,1566402900000,1700
544,105.7400,105.7400,105.6900,105.6900,20190821115600,1566402960000,400
545,105.7150,105.7550,105.6500,105.7550,20190821115700,1566403020000,2298
546,105.7900,105.7900,105.6300,105.7100,20190821115800,1566403080000,11898
547,105.7150,105.8000,105.6500,105.8000,20190821115900,1566403140000,7463
548,105.6700,105.7150,105.6700,105.7150,20190821120000,1566403200000,1300
549,105.7294,105.7294,105.6800,105.6800,20190821120100,1566403260000,1138
550,105.6800,105.7250,105.6300,105.7250,20190821120200,1566403320000,1900
551,105.6450,105.6750,105.6450,105.6750,20190821120300,1566403380000,400
552,105.6650,105.6650,105.6650,105.6650,20190821120400,1566403440000,200
553,105.6200,105.6500,105.6100,105.6500,20190821120500,1566403500000,1000
554,105.6600,105.6600,105.5900,105.6000,20190821120600,1566403560000,750
555,105.6100,105.6650,105.6100,105.6650,20190821120700,1566403620000,900
556,105.5700,105.6900,105.5475,105.6500,20190821120800,1566403680000,1450
557,105.5300,105.5500,105.5100,105.5200,20190821120900,1566403740000,4600
558,105.4700,105.5100,105.4700,105.5100,20190821121000,1566403800000,2435
559,105.4200,105.4700,105.4200,105.4700,20190821121100,1566403860000,1100
560,105.4200,105.4300,105.4000,105.4050,20190821121200,1566403920000,1367
561,105.4350,105.4350,105.4350,105.4350,20190821121300,1566403980000,200
562,105.5000,105.5100,105.4350,105.4350,20190821121400,1566404040000,1700
563,105.4500,105.4800,105.4500,105.4800,20190821121500,1566404100000,500
564,105.3400,105.4550,105.3400,105.4550,20190821121600,1566404160000,1300
565,105.3400,105.3900,105.3400,105.3450,20190821121700,1566404220000,2000
566,105.3100,105.3100,105.3100,105.3100,20190821121800,1566404280000,200
567,105.3200,105.3500,105.3200,105.3442,20190821121900,1566404340000,1219
568,105.3500,105.3500,105.3000,105.3300,20190821122000,1566404400000,2200
569,105.4200,105.4200,105.3700,105.3850,20190821122100,1566404460000,686
570,105.4200,105.4900,105.4200,105.4600,20190821122200,1566404520000,2300
571,105.4800,105.4900,105.4500,105.4700,20190821122300,1566404580000,1900
572,105.4350,105.4700,105.3900,105.4700,20190821122400,1566404640000,2374
573,105.4700,105.4700,105.4300,105.4400,20190821122500,1566404700000,1000
574,105.5000,105.5000,105.4500,105.4500,20190821122600,1566404760000,700
575,105.4600,105.5100,105.4400,105.4700,20190821122700,1566404820000,1200
576,105.4100,105.4600,105.4000,105.4600,20190821122800,1566404880000,600
577,105.3700,105.3900,105.3400,105.3900,20190821122900,1566404940000,969
578,105.3100,105.3900,105.2800,105.3800,20190821123000,1566405000000,2000
579,105.3000,105.3400,105.3000,105.3200,20190821123100,1566405060000,500
580,105.2850,105.3200,105.2850,105.2900,20190821123200,1566405120000,1300
581,105.2300,105.3000,105.2300,105.3000,20190821123300,1566405180000,1900
582,105.3050,105.3050,105.2500,105.2700,20190821123400,1566405240000,700
583,105.3000,105.3300,105.2700,105.3300,20190821123500,1566405300000,1400
584,105.3800,105.3800,105.3400,105.3400,20190821123600,1566405360000,400
585,105.4200,105.4200,105.4000,105.4000,20190821123700,1566405420000,910
586,105.4100,105.4100,105.3717,105.3717,20190821123800,1566405480000,700
587,105.3700,105.4000,105.3500,105.4000,20190821123900,1566405540000,800
588,105.4000,105.4100,105.3600,105.3600,20190821124000,1566405600000,1500
589,105.3700,105.4200,105.3700,105.4200,20190821124100,1566405660000,600
590,105.2800,105.3400,105.2800,105.3200,20190821124200,1566405720000,800
591,105.3300,105.3300,105.3000,105.3200,20190821124300,1566405780000,700
592,105.3100,105.3300,105.3100,105.3250,20190821124400,1566405840000,600
593,105.3600,105.3600,105.3100,105.3300,20190821124500,1566405900000,1403
594,105.3847,105.4300,105.3500,105.3500,20190821124600,1566405960000,1169
595,105.3400,105.3850,105.3400,105.3500,20190821124700,1566406020000,930
596,105.3400,105.3600,105.3400,105.3600,20190821124800,1566406080000,200
597,105.3300,105.3350,105.3150,105.3300,20190821124900,1566406140000,900
598,105.4900,105.5100,105.4750,105.4750,20190821125100,1566406260000,1430
599,105.4400,105.4900,105.4400,105.4900,20190821125200,1566406320000,800
600,105.3700,105.3700,105.3700,105.3700,20190821125300,1566406380000,100
601,105.4300,105.4300,105.3850,105.3850,20190821125400,1566406440000,700
602,105.4850,105.5200,105.4700,105.4700,20190821125500,1566406500000,800
603,105.3902,105.4600,105.3902,105.4600,20190821125600,1566406560000,700
604,105.3800,105.4400,105.3800,105.4200,20190821125700,1566406620000,1200
605,105.3700,105.3700,105.3000,105.3500,20190821125800,1566406680000,2635
606,105.3100,105.3763,105.3100,105.3763,20190821125900,1566406740000,629
607,105.3400,105.3600,105.3000,105.3600,20190821130000,1566406800000,1495
608,105.3700,105.3900,105.3400,105.3400,20190821130100,1566406860000,1000
609,105.3800,105.4000,105.3600,105.3700,20190821130200,1566406920000,800
610,105.3500,105.3752,105.3500,105.3752,20190821130300,1566406980000,355
611,105.3757,105.3757,105.3700,105.3700,20190821130400,1566407040000,7238
612,105.4300,105.4400,105.4000,105.4100,20190821130500,1566407100000,2994
613,105.3800,105.4200,105.3500,105.4200,20190821130600,1566407160000,7986
614,105.3700,105.4200,105.3700,105.4000,20190821130700,1566407220000,3177
615,105.3550,105.3700,105.3100,105.3700,20190821130800,1566407280000,2600
616,105.3600,105.3700,105.3600,105.3700,20190821130900,1566407340000,600
617,105.3200,105.3400,105.3200,105.3300,20190821131000,1566407400000,700
618,105.3400,105.3400,105.3400,105.3400,20190821131100,1566407460000,200
619,105.2700,105.3100,105.2700,105.3100,20190821131200,1566407520000,300
620,105.2963,105.3000,105.2800,105.2900,20190821131300,1566407580000,700
621,105.3150,105.3150,105.3000,105.3000,20190821131400,1566407640000,400
622,105.3700,105.3800,105.3200,105.3200,20190821131500,1566407700000,2912
623,105.3200,105.3600,105.3200,105.3500,20190821131600,1566407760000,700
624,105.3000,105.3200,105.3000,105.3200,20190821131700,1566407820000,700
625,105.3300,105.3477,105.3100,105.3300,20190821131800,1566407880000,850
626,105.3650,105.3700,105.3500,105.3500,20190821131900,1566407940000,300
627,105.3800,105.4000,105.3600,105.4000,20190821132000,1566408000000,753
628,105.3700,105.3800,105.3600,105.3800,20190821132100,1566408060000,500
629,105.3000,105.3400,105.2900,105.3400,20190821132200,1566408120000,2227
630,105.3350,105.3450,105.3000,105.3000,20190821132300,1566408180000,778
631,105.3950,105.3950,105.3800,105.3800,20190821132400,1566408240000,400
632,105.3900,105.4000,105.3900,105.4000,20190821132500,1566408300000,500
633,105.3400,105.3900,105.3000,105.3900,20190821132600,1566408360000,1700
634,105.3667,105.3667,105.3100,105.3100,20190821132700,1566408420000,581
635,105.3750,105.3900,105.3500,105.3600,20190821132800,1566408480000,1975
636,105.4000,105.4000,105.3600,105.3600,20190821132900,1566408540000,600
637,105.3650,105.4000,105.3570,105.4000,20190821133000,1566408600000,1103
638,105.3450,105.3800,105.3450,105.3650,20190821133100,1566408660000,700
639,105.3500,105.3500,105.3500,105.3500,20190821133200,1566408720000,864
640,105.3150,105.3250,105.2800,105.3200,20190821133300,1566408780000,2561
641,105.2900,105.3400,105.2900,105.3400,20190821133400,1566408840000,887
642,105.3300,105.3400,105.2895,105.2895,20190821133500,1566408900000,400
643,105.3000,105.3200,105.3000,105.3100,20190821133600,1566408960000,500
644,105.2900,105.2900,105.2700,105.2700,20190821133700,1566409020000,203
645,105.3200,105.3300,105.3100,105.3200,20190821133800,1566409080000,2414
646,105.2900,105.3100,105.2900,105.3000,20190821133900,1566409140000,1150
647,105.3200,105.3400,105.3100,105.3100,20190821134000,1566409200000,800
648,105.3000,105.3400,105.3000,105.3400,20190821134100,1566409260000,600
